Code,Name,总市值
600000,浦发银行,2799亿
600001,邯郸钢铁,Error
600002,齐鲁退市,Error
600003,ST东北高,Error
600004,白云机场,131亿
600005,武钢股份,337亿
600006,东风汽车,125亿
600007,中国国贸,153亿
600008,首创股份,271亿
600009,上海机场,406亿
600010,包钢股份,811亿
600011,华能国际,1205亿
600012,皖通高速,101亿
600015,华夏银行,1122亿
600016,民生银行,3480亿
600017,日照港,154亿
600018,上港集团,-
600019,宝钢股份,1006亿
600020,中原高速,91亿
600021,上海电力,213亿
600022,山东钢铁,189亿
600023,浙能电力,789亿
600026,中海发展,290亿
600027,华电国际,542亿
600028,中国石化,7664亿
600029,南方航空,517亿
600030,中信证券,3090亿
600031,三一重工,664亿
600033,福建高速,101亿
600035,楚天高速,54亿
600036,招商银行,3709亿
600037,歌华有线,194亿
600038,中直股份,257亿
600039,四川路桥,164亿
600048,保利地产,1152亿
600050,中国联通,1000亿
600051,宁波联合,29亿
600052,浙江广厦,55亿
600053,中江地产,38亿
600054,黄山旅游,79亿
600055,华润万东,52亿
600056,中国医药,177亿
600057,象屿股份,113亿
600058,五矿发展,168亿
600059,古越龙山,73亿
600060,海信电器,172亿
600061,中纺投资,96亿
600062,华润双鹤,130亿
600063,皖维高新,72亿
600064,南京高科,92亿
600065,*ST联谊,Error
600066,宇通客车,403亿
600067,冠城大通,91亿
600068,葛洲坝,409亿
600069,银鸽投资,40亿
600070,浙江富润,25亿
600071,凤凰光学,36亿
600072,*ST钢构,55亿
600073,上海梅林,90亿
600074,中达股份,60亿
600075,*ST新业,30亿
600076,青鸟华光,19亿
600077,宋都股份,74亿
600078,澄星股份,48亿
600079,人福医药,159亿
600080,金花股份,34亿
600081,东风科技,48亿
600082,海泰发展,46亿
600083,博信股份,26亿
600084,中葡股份,64亿
600085,同仁堂,310亿
600086,东方金钰,98亿
600087,退市长油,28亿
600088,中视传媒,65亿
600089,特变电工,423亿
600090,啤酒花,29亿
600091,ST明科,19亿
600092,S*ST精密,Error
600093,禾嘉股份,31亿
600094,大名城,193亿
600095,哈高科,25亿
600096,云天化,148亿
600097,开创国际,31亿
600098,广州发展,234亿
600099,林海股份,20亿
600100,同方股份,319亿
600101,明星电力,32亿
600102,莱钢股份,65亿
600103,青山纸业,38亿
600104,上汽集团,2667亿
600105,永鼎股份,37亿
600106,重庆路桥,55亿
600107,美尔雅,40亿
600108,亚盛集团,204亿
600109,国金证券,483亿
600110,中科英华,76亿
600111,北方稀土,648亿
600112,天成控股,69亿
600113,浙江东日,38亿
600114,东睦股份,54亿
600115,东方航空,689亿
600116,三峡水利,39亿
600117,西宁特钢,37亿
600118,中国卫星,374亿
600119,长江投资,46亿
600120,浙江东方,112亿
600121,郑州煤电,57亿
600122,宏图高科,79亿
600123,兰花科创,111亿
600125,铁龙物流,112亿
600126,杭钢股份,51亿
600127,金健米业,38亿
600128,弘业股份,34亿
600129,太极集团,72亿
600130,波导股份,44亿
600131,岷江水电,32亿
600132,重庆啤酒,80亿
600133,东湖高新,58亿
600135,乐凯胶片,44亿
600136,道博股份,17亿
600137,浪莎股份,17亿
600138,中青旅,128亿
600139,西部资源,86亿
600141,兴发集团,83亿
600143,金发科技,182亿
600145,*ST国创,17亿
600146,大元股份,39亿
600148,长春一东,29亿
600149,廊坊发展,76亿
600150,中国船舶,525亿
600151,航天机电,132亿
600152,维科精华,21亿
600153,建发股份,284亿
600155,宝硕股份,79亿
600156,华升股份,35亿
600157,永泰能源,159亿
600158,中体产业,178亿
600159,大龙地产,35亿
600160,巨化股份,134亿
600161,天坛生物,155亿
600162,香江控股,50亿
600163,福建南纸,39亿
600165,新日恒力,29亿
600166,福田汽车,177亿
600167,联美控股,30亿
600168,武汉控股,93亿
600169,太原重工,195亿
600170,上海建工,460亿
600171,上海贝岭,85亿
600172,黄河旋风,48亿
600173,卧龙地产,51亿
600175,美都能源,133亿
600176,中国玻纤,147亿
600177,雅戈尔,293亿
600178,*ST东安,31亿
600179,黑化股份,32亿
600180,瑞茂通,146亿
600181,*ST云大,Error
600182,S佳通,57亿
600183,生益科技,112亿
600184,光电股份,81亿
600185,格力地产,128亿
600186,莲花味精,51亿
600187,国中水务,101亿
600188,兖州煤业,698亿
600189,吉林森工,29亿
600190,锦州港,111亿
600191,华资实业,47亿
600192,长城电工,46亿
600193,创兴资源,30亿
600195,中牧股份,73亿
600196,复星医药,529亿
600197,伊力特,53亿
600198,大唐电信,158亿
600199,金种子酒,61亿
600200,江苏吴中,81亿
600201,金宇集团,128亿
600202,哈空调,29亿
600203,福日电子,36亿
600205,S山东铝,Error
600206,有研新材,98亿
600207,安彩高科,37亿
600208,新湖中宝,685亿
600209,罗顿发展,43亿
600210,紫江企业,76亿
600211,西藏药业,57亿
600212,江泉实业,52亿
600213,亚星客车,36亿
600215,长春经开,29亿
600216,浙江医药,103亿
600217,秦岭水泥,66亿
600218,全柴动力,35亿
600219,南山铝业,185亿
600220,江苏阳光,69亿
600221,海南航空,410亿
600222,太龙药业,40亿
600223,鲁商置业,60亿
600225,天津松江,46亿
600226,升华拜克,41亿
600227,赤天化,57亿
600228,*ST昌九,29亿
600229,青岛碱业,42亿
600230,沧州大化,36亿
600231,凌钢股份,42亿
600232,金鹰股份,23亿
600233,大杨创世,20亿
600234,山水文化,30亿
600235,民丰特纸,24亿
600236,桂冠电力,107亿
600237,铜峰电子,39亿
600238,海南椰岛,50亿
600239,云南城投,54亿
600240,华业地产,139亿
600241,时代万恒,19亿
600242,中昌海运,20亿
600243,青海华鼎,19亿
600246,万通地产,64亿
600247,*ST成城,21亿
600248,延长化建,42亿
600249,两面针,32亿
600250,南纺股份,26亿
600251,冠农股份,75亿
600252,中恒集团,195亿
600253,天方药业,26亿
600255,鑫科材料,86亿
600256,广汇能源,453亿
600257,大湖股份,31亿
600258,首旅酒店,41亿
600259,广晟有色,151亿
600260,凯乐科技,53亿
600261,阳光照明,93亿
600262,北方股份,36亿
600263,路桥建设,398亿
600265,ST景谷,14亿
600266,北京城建,296亿
600267,海正药业,170亿
600268,国电南自,51亿
600269,赣粤高速,115亿
600270,外运发展,172亿
600271,航天信息,354亿
600272,开开实业,40亿
600273,嘉化能源,131亿
600275,武昌鱼,29亿
600276,恒瑞医药,634亿
600277,亿利能源,188亿
600278,东方创业,69亿
600279,重庆港九,66亿
600280,中央商场,81亿
600281,太化股份,31亿
600282,*ST南钢,146亿
600283,钱江水利,40亿
600284,浦东建设,82亿
600285,羚锐制药,48亿
600286,S*ST国瓷,Error
600287,江苏舜天,62亿
600288,大恒科技,75亿
600289,亿阳信通,63亿
600290,华仪电气,54亿
600291,西水股份,98亿
600292,中电远达,132亿
600293,三峡新材,24亿
600295,鄂尔多斯,90亿
600296,S兰铝,Error
600297,美罗药业,48亿
600298,安琪酵母,70亿
600299,*ST新材,51亿
600300,维维股份,92亿
600301,ST南化,21亿
600302,标准股份,23亿
600303,曙光股份,34亿
600305,恒顺醋业,59亿
600306,*ST商城,18亿
600307,酒钢宏兴,247亿
600308,华泰股份,51亿
600309,万华化学,477亿
600310,桂东电力,50亿
600311,荣华实业,47亿
600312,平高电气,223亿
600313,农发种业,54亿
600315,上海家化,264亿
600316,洪都航空,227亿
600317,营口港,325亿
600318,巢东股份,27亿
600319,亚星化学,19亿
600320,振华重工,291亿
600321,国栋建设,42亿
600322,天房发展,49亿
600323,瀚蓝环境,105亿
600325,华发股份,103亿
600326,西藏天路,48亿
600327,大东方,40亿
600328,兰太实业,35亿
600329,中新药业,122亿
600330,天通股份,67亿
600331,宏达股份,131亿
600332,白云山,397亿
600333,长春燃气,42亿
600335,国机汽车,143亿
600336,澳柯玛,40亿
600337,美克家居,73亿
600338,西藏珠峰,23亿
600339,天利高新,35亿
600340,华夏幸福,644亿
600343,航天动力,125亿
600345,长江通信,31亿
600346,大橡塑,29亿
600348,阳泉煤业,211亿
600350,山东高速,249亿
600351,亚宝药业,65亿
600352,浙江龙盛,400亿
600353,旭光股份,24亿
600354,敦煌种业,41亿
600355,精伦电子,19亿
600356,恒丰纸业,21亿
600357,承德钒钛,Error
600358,国旅联合,41亿
600359,新农开发,44亿
600360,华微电子,39亿
600361,华联综超,43亿
600362,江西铜业,635亿
600363,联创光电,48亿
600365,通葡股份,22亿
600366,宁波韵升,99亿
600367,红星发展,33亿
600368,五洲交通,48亿
600369,西南证券,527亿
600370,三房巷,22亿
600371,万向德农,25亿
600372,中航电子,518亿
600373,中文传媒,192亿
600375,华菱星马,61亿
600376,首开股份,239亿
600377,宁沪高速,365亿
600378,天科股份,42亿
600379,宝光股份,30亿
600380,健康元,121亿
600381,*ST贤成,50亿
600382,广东明珠,56亿
600383,金地集团,436亿
600385,ST金泰,18亿
600386,北巴传媒,46亿
600387,海越股份,57亿
600388,龙净环保,142亿
600389,江山股份,57亿
600390,金瑞科技,48亿
600391,成发科技,102亿
600392,盛和资源,117亿
600393,东华实业,22亿
600395,盘江股份,191亿
600396,金山股份,56亿
600397,安源煤业,52亿
600398,海澜之家,556亿
600399,抚顺特钢,155亿
600400,红豆股份,34亿
600401,海润光伏,143亿
600403,大有能源,149亿
600405,动力源,44亿
600406,国电南瑞,389亿
600408,安泰集团,36亿
600409,三友化工,132亿
600410,华胜天成,171亿
600415,小商品城,388亿
600416,湘电股份,83亿
600418,江淮汽车,162亿
600419,天润乳业,17亿
600420,现代制药,79亿
600421,仰帆控股,15亿
600422,昆药集团,98亿
600423,柳化股份,23亿
600425,青松建化,87亿
600426,华鲁恒升,105亿
600428,中远航运,114亿
600429,三元股份,77亿
600432,吉恩镍业,234亿
600433,冠豪高新,177亿
600435,北方导航,200亿
600436,片仔癀,161亿
600438,通威股份,88亿
600439,瑞贝卡,47亿
600444,国通管业,15亿
600446,金证股份,200亿
600448,华纺股份,30亿
600449,宁夏建材,55亿
600452,涪陵电力,26亿
600455,博通股份,14亿
600456,宝钛股份,79亿
600458,时代新材,100亿
600459,贵研铂业,53亿
600460,士兰微,78亿
600461,洪城水业,38亿
600462,石岘纸业,34亿
600463,空港股份,24亿
600466,迪康药业,35亿
600467,好当家,50亿
600468,百利电气,64亿
600469,风神股份,58亿
600470,六国化工,37亿
600472,包头铝业,Error
600475,华光股份,39亿
600476,湘邮科技,38亿
600477,杭萧钢构,33亿
600478,科力远,103亿
600479,千金药业,47亿
600480,凌云股份,52亿
600481,双良节能,88亿
600482,风帆股份,75亿
600483,福能股份,128亿
600485,信威集团,1254亿
600486,扬农化工,90亿
600487,亨通光电,86亿
600488,天药股份,56亿
600489,中金黄金,377亿
600490,鹏欣资源,163亿
600491,龙元建设,70亿
600493,凤竹纺织,24亿
600495,晋西车轴,142亿
600496,精工钢构,84亿
600497,驰宏锌锗,199亿
600498,烽火通信,179亿
600499,科达洁能,131亿
600500,中化国际,212亿
600501,航天晨光,57亿
600502,安徽水利,58亿
600503,华丽家族,106亿
600505,西昌电力,34亿
600506,香梨股份,18亿
600507,方大特钢,74亿
600508,上海能源,80亿
600509,天富能源,89亿
600510,黑牡丹,65亿
600511,国药股份,164亿
600512,腾达建设,29亿
600513,联环药业,26亿
600515,海岛建设,36亿
600516,方大炭素,187亿
600517,置信电气,144亿
600518,康美药业,374亿
600519,贵州茅台,2056亿
600520,中发科技,24亿
600521,华海药业,113亿
600522,中天科技,147亿
600523,贵航股份,49亿
600525,长园集团,126亿
600526,菲达环保,61亿
600527,江南高纤,39亿
600528,中铁二局,209亿
600529,山东药玻,32亿
600530,交大昂立,41亿
600531,豫光金铅,41亿
600532,宏达矿业,38亿
600533,栖霞建设,47亿
600535,天士力,476亿
600536,中国软件,230亿
600537,亿晶光电,88亿
600538,国发股份,35亿
600539,狮头股份,16亿
600540,新赛股份,32亿
600543,莫高股份,30亿
600545,新疆城建,77亿
600546,山煤国际,107亿
600547,山东黄金,394亿
600548,深高速,186亿
600549,厦门钨业,279亿
600550,~ST天威,125亿
600551,时代出版,87亿
600552,方兴科技,68亿
600553,太行水泥,Error
600555,九龙山,93亿
600556,慧球科技,55亿
600557,康缘药业,128亿
600558,大西洋,63亿
600559,老白干酒,62亿
600560,金自天正,27亿
600561,江西长运,30亿
600562,国睿科技,134亿
600563,法拉电子,72亿
600565,迪马股份,123亿
600566,洪城股份,171亿
600567,山鹰纸业,106亿
600568,中珠控股,74亿
600569,安阳钢铁,75亿
600570,恒生电子,389亿
600571,信雅达,82亿
600572,康恩贝,135亿
600573,惠泉啤酒,25亿
600575,皖江物流,118亿
600576,万好万家,42亿
600577,精达股份,78亿
600578,京能电力,253亿
600579,天华院,44亿
600580,卧龙电气,118亿
600581,八一钢铁,39亿
600582,天地科技,265亿
600583,海油工程,436亿
600584,长电科技,139亿
600585,海螺水泥,1095亿
600586,金晶科技,55亿
600587,新华医疗,147亿
600588,用友软件,414亿
600589,广东榕泰,35亿
600590,泰豪科技,54亿
600591,*ST上航,Error
600592,龙溪股份,43亿
600593,大连圣亚,17亿
600594,益佰制药,149亿
600595,中孚实业,98亿
600596,新安股份,76亿
600597,光明乳业,224亿
600598,*ST大荒,210亿
600599,熊猫烟花,47亿
600600,青岛啤酒,572亿
600601,方正科技,113亿
600602,仪电电子,83亿
600603,大洲兴业,17亿
600604,市北高新,71亿
600605,汇通能源,20亿
600606,金丰投资,92亿
600607,上实医药,Error
600608,上海科技,27亿
600609,金杯汽车,43亿
600610,*ST中毅,92亿
600611,大众交通,185亿
600612,老凤祥,197亿
600613,神奇制药,81亿
600614,鼎立股份,110亿
600615,丰华股份,25亿
600616,金枫酒业,51亿
600617,国新能源,155亿
600618,氯碱化工,112亿
600619,海立股份,68亿
600620,天宸股份,53亿
600621,华鑫股份,51亿
600622,嘉宝集团,44亿
600623,双钱股份,129亿
600624,复旦复华,55亿
600625,PT水仙,Error
600626,申达股份,82亿
600627,上电股份,Error
600628,新世界,56亿
600629,棱光实业,63亿
600630,龙头股份,59亿
600631,百联股份,Error
600632,华联商厦,Error
600633,浙报传媒,228亿
600634,中技控股,71亿
600635,大众公用,153亿
600636,三爱富,55亿
600637,百视通,458亿
600638,新黄浦,107亿
600639,浦东金桥,242亿
600640,号百控股,94亿
600641,万业企业,50亿
600642,申能股份,291亿
600643,爱建股份,150亿
600644,乐山电力,49亿
600645,中源协和,163亿
600646,ST国嘉,Error
600647,同达创业,22亿
600648,外高桥,363亿
600649,城投控股,216亿
600650,锦江投资,100亿
600651,飞乐音响,87亿
600652,爱使股份,56亿
600653,申华控股,61亿
600654,飞乐股份,123亿
600655,豫园商城,195亿
600656,博元投资,14亿
600657,信达地产,120亿
600658,电子城,76亿
600659,*ST花雕,Error
600660,福耀玻璃,283亿
600661,新南洋,71亿
600662,强生控股,100亿
600663,陆家嘴,693亿
600664,哈药股份,166亿
600665,天地源,46亿
600666,西南药业,45亿
600667,太极实业,62亿
600668,尖峰集团,47亿
600669,*ST鞍成,Error
600670,*ST斯达,Error
600671,天目药业,18亿
600672,*ST华圣,Error
600673,东阳光科,140亿
600674,川投能源,466亿
600675,中华企业,120亿
600676,交运股份,98亿
600677,航天通信,75亿
600678,四川金顶,43亿
600679,金山开发,45亿
600680,上海普天,64亿
600681,万鸿集团,20亿
600682,南京新百,58亿
600683,京投银泰,56亿
600684,珠江实业,51亿
600685,广船国际,440亿
600686,金龙汽车,69亿
600687,刚泰控股,95亿
600688,上海石化,449亿
600689,*ST三毛,20亿
600690,青岛海尔,625亿
600691,阳煤化工,83亿
600692,亚通股份,39亿
600693,东百集团,29亿
600694,大商股份,139亿
600695,大江股份,58亿
600696,多伦股份,30亿
600697,欧亚集团,45亿
600698,湖南天雁,57亿
600699,均胜电子,151亿
600700,*ST数码,Error
600701,工大高新,30亿
600702,沱牌舍得,64亿
600703,三安光电,413亿
600704,物产中大,103亿
600705,中航投资,836亿
600706,曲江文旅,28亿
600707,彩虹股份,73亿
600708,海博股份,54亿
600709,ST生态,Error
600710,常林股份,34亿
600711,盛屯矿业,118亿
600712,南宁百货,30亿
600713,南京医药,70亿
600714,金瑞矿业,30亿
600715,松辽汽车,40亿
600716,凤凰股份,83亿
600717,天津港,310亿
600718,东软集团,245亿
600719,大连热电,17亿
600720,祁连山,83亿
600721,百花村,25亿
600722,金牛化工,37亿
600723,首商股份,56亿
600724,宁波富达,78亿
600725,云维股份,30亿
600726,华电能源,90亿
600727,鲁北化工,20亿
600728,佳都科技,76亿
600729,重庆百货,96亿
600730,中国高科,34亿
600731,湖南海利,28亿
600732,上海新梅,35亿
600733,S前锋,81亿
600734,实达集团,19亿
600735,新华锦,45亿
600736,苏州高新,61亿
600737,中粮屯河,191亿
600738,兰州民百,29亿
600739,辽宁成大,298亿
600740,山西焦化,51亿
600741,华域汽车,466亿
600742,一汽富维,64亿
600743,华远地产,77亿
600744,华银电力,33亿
600745,中茵股份,65亿
600746,江苏索普,24亿
600747,大连控股,93亿
600748,上实发展,132亿
600749,西藏旅游,23亿
600750,江中药业,76亿
600751,天津海运,342亿
600752,*ST哈慈,Error
600753,东方银星,17亿
600754,锦江股份,223亿
600755,厦门国贸,212亿
600756,浪潮软件,67亿
600757,长江传媒,108亿
600758,红阳能源,19亿
600759,洲际油气,172亿
600760,中航黑豹,42亿
600761,安徽合力,93亿
600762,S*ST金荔,Error
600763,通策医疗,82亿
600764,中电广通,36亿
600765,中航重机,181亿
600766,园城黄金,25亿
600767,运盛实业,38亿
600768,宁波富邦,14亿
600769,祥龙电业,29亿
600770,综艺股份,136亿
600771,广誉远,60亿
600772,S*ST龙昌,Error
600773,西藏城投,92亿
600774,汉商集团,27亿
600775,南京熊猫,111亿
600776,东方通信,117亿
600777,新潮实业,74亿
600778,友好集团,31亿
600779,水井坊,48亿
600780,通宝能源,75亿
600781,辅仁药业,33亿
600782,新钢股份,88亿
600783,鲁信创投,232亿
600784,鲁银投资,69亿
600785,新华百货,34亿
600786,东方锅炉,Error
600787,中储股份,197亿
600788,*ST达曼,Error
600789,鲁抗医药,52亿
600790,轻纺城,66亿
600791,京能置业,29亿
600792,云煤能源,69亿
600793,ST宜纸,12亿
600794,保税科技,79亿
600795,国电电力,771亿
600796,钱江生化,22亿
600797,浙大网新,70亿
600798,宁波海运,44亿
600799,*ST龙科,Error
600800,天津磁卡,41亿
600801,华新水泥,143亿
600802,福建水泥,35亿
600803,新奥股份,129亿
600804,鹏博士,319亿
600805,悦达投资,113亿
600806,昆明机床,40亿
600807,天业股份,47亿
600808,马钢股份,277亿
600809,山西汾酒,189亿
600810,神马股份,37亿
600811,东方集团,159亿
600812,华北制药,103亿
600813,ST鞍一工,Error
600814,杭州解百,64亿
600815,厦工股份,83亿
600816,安信信托,139亿
600817,ST宏盛,18亿
600818,中路股份,86亿
600819,耀皮玻璃,77亿
600820,隧道股份,259亿
600821,津劝业,25亿
600822,上海物贸,51亿
600823,世茂股份,165亿
600824,益民集团,62亿
600825,新华传媒,121亿
600826,兰生股份,97亿
600827,百联股份,304亿
600828,成商集团,38亿
600829,三精制药,68亿
600830,香溢融通,50亿
600831,广电网络,52亿
600832,东方明珠,470亿
600833,第一医药,30亿
600834,申通地铁,49亿
600835,上海机电,226亿
600836,界龙实业,59亿
600837,海通证券,2022亿
600838,上海九百,40亿
600839,四川长虹,243亿
600840,新湖创业,Error
600841,上柴股份,97亿
600842,中西药业,Error
600843,上工申贝,73亿
600844,丹化科技,58亿
600845,宝信软件,138亿
600846,同济科技,58亿
600847,万里股份,25亿
600848,自仪股份,49亿
600849,上药转换,Error
600850,华东电脑,143亿
600851,海欣股份,103亿
600852,*ST中川,Error
600853,龙建股份,28亿
600854,春兰股份,31亿
600855,航天长峰,96亿
600856,长百集团,29亿
600857,工大首创,36亿
600858,银座股份,51亿
600859,王府井,99亿
600860,*ST京城,31亿
600861,北京城乡,31亿
600862,南通科技,71亿
600863,内蒙华电,239亿
600864,哈投股份,80亿
600865,百大集团,29亿
600866,星湖科技,48亿
600867,通化东宝,182亿
600868,梅雁吉祥,72亿
600869,智慧能源,98亿
600870,厦华电子,39亿
600871,*ST仪化,764亿
600872,中炬高新,94亿
600873,梅花生物,242亿
600874,创业环保,160亿
600875,东方电气,468亿
600876,洛阳玻璃,51亿
600877,中国嘉陵,53亿
600878,*ST北科,Error
600879,航天电子,168亿
600880,博瑞传播,132亿
600881,亚泰集团,140亿
600882,华联矿业,33亿
600883,博闻科技,22亿
600884,杉杉股份,73亿
600885,宏发股份,123亿
600886,国投电力,719亿
600887,伊利股份,863亿
600888,新疆众和,46亿
600889,南京化纤,28亿
600890,中房股份,47亿
600891,秋林集团,24亿
600892,宝诚股份,17亿
600893,中航动力,632亿
600894,广日股份,135亿
600895,张江高科,253亿
600896,中海海盛,35亿
600897,厦门空港,77亿
600898,三联商社,24亿
600899,*ST信联,Error
600900,长江电力,1684亿
600917,重庆燃气,166亿
600960,渤海活塞,41亿
600961,株冶集团,55亿
600962,国投中鲁,41亿
600963,岳阳林纸,65亿
600965,福成五丰,49亿
600966,博汇纸业,44亿
600967,北方创业,119亿
600969,郴电国际,41亿
600970,中材国际,132亿
600971,恒源煤电,85亿
600973,宝胜股份,48亿
600975,新五丰,29亿
600976,健民集团,45亿
600978,宜华木业,94亿
600979,广安爱众,46亿
600980,北矿磁材,20亿
600981,汇鸿股份,28亿
600982,宁波热电,71亿
600983,惠而浦,104亿
600984,建设机械,19亿
600985,雷鸣科化,30亿
600986,科达股份,38亿
600987,航民股份,63亿
600988,赤峰黄金,63亿
600990,四创电子,80亿
600991,广汽长丰,92亿
600992,贵绳股份,26亿
600993,马应龙,72亿
600995,文山电力,36亿
600997,开滦股份,84亿
600998,九州通,315亿
600999,招商证券,1399亿
601000,唐山港,261亿
601001,大同煤业,138亿
601002,晋亿实业,141亿
601003,柳钢股份,98亿
601005,重庆钢铁,145亿
601006,大秦铁路,1558亿
601007,金陵饭店,39亿
601008,连云港,96亿
601009,南京银行,389亿
601010,文峰股份,84亿
601011,宝泰隆,42亿
601012,隆基股份,133亿
601015,陕西黑猫,95亿
601016,节能风电,193亿
601018,宁波港,595亿
601021,春秋航空,153亿
601028,玉龙股份,72亿
601038,一拖股份,144亿
601058,赛轮金宇,96亿
601069,西部黄金,43亿
601088,中国神华,3936亿
601098,中南传媒,316亿
601099,太平洋,424亿
601100,恒立油缸,79亿
601101,昊华能源,99亿
601106,中国一重,374亿
601107,四川成渝,154亿
601111,中国国航,1082亿
601113,华鼎股份,39亿
601116,三江购物,36亿
601117,中国化学,423亿
601118,海南橡胶,367亿
601126,四方股份,78亿
601137,博威合金,43亿
601139,深圳燃气,170亿
601158,重庆水务,406亿
601166,兴业银行,2838亿
601168,西部矿业,208亿
601169,北京银行,1102亿
601177,杭齿前进,35亿
601179,中国西电,380亿
601186,中国铁建,1797亿
601188,龙江交通,63亿
601199,江南水务,47亿
601208,东材科技,57亿
601216,内蒙君正,266亿
601218,吉鑫科技,82亿
601222,林洋电子,98亿
601225,陕西煤业,648亿
601226,华电重工,140亿
601231,环旭电子,388亿
601233,桐昆股份,104亿
601238,广汽集团,550亿
601258,庞大集团,218亿
601268,*ST二重,53亿
601288,农业银行,11757亿
601299,中国北车,1776亿
601311,骆驼股份,131亿
601313,江南嘉捷,40亿
601318,中国平安,6760亿
601328,交通银行,4849亿
601333,广深铁路,310亿
601336,新华保险,1642亿
601339,百隆东方,88亿
601369,陕鼓动力,145亿
601377,兴业证券,682亿
601388,怡球资源,51亿
601390,中国中铁,1855亿
601398,工商银行,16897亿
601515,东风股份,136亿
601518,吉林高速,46亿
601519,大智慧,158亿
601555,东吴证券,489亿
601558,XD*ST锐,203亿
601566,九牧王,84亿
601567,三星电气,86亿
601579,会稽山,49亿
601588,北辰实业,145亿
601599,鹿港科技,41亿
601600,中国铝业,792亿
601601,中国太保,3292亿
601607,上海医药,465亿
601608,中信重工,176亿
601616,广电电气,50亿
601618,中国中冶,840亿
601628,中国人寿,11483亿
601633,长城汽车,1403亿
601636,旗滨集团,71亿
601666,平煤股份,136亿
601668,中国建筑,1917亿
601669,中国电建,722亿
601677,明泰铝业,53亿
601678,滨化股份,68亿
601688,华泰证券,1272亿
601699,潞安环能,251亿
601700,风范股份,88亿
601717,郑煤机,117亿
601718,际华集团,239亿
601727,上海电气,1411亿
601766,中国南车,1937亿
601777,力帆股份,96亿
601788,光大证券,809亿
601789,宁波建工,45亿
601798,蓝科高新,45亿
601799,星宇股份,48亿
601800,中国交建,2180亿
601801,皖新传媒,181亿
601808,中海油服,927亿
601818,光大银行,2007亿
601857,中国石油,23078亿
601866,中海集运,531亿
601872,招商轮船,280亿
601877,正泰电器,331亿
601880,大连港,247亿
601886,江河创建,96亿
601888,中国国旅,456亿
601890,亚星锚链,48亿
601898,中煤能源,871亿
601899,紫金矿业,820亿
601901,方正证券,1057亿
601908,京运通,108亿
601918,国投新集,171亿
601919,中国远洋,688亿
601928,凤凰传媒,299亿
601929,吉视传媒,180亿
601933,永辉超市,300亿
601939,建设银行,15050亿
601958,金钼股份,323亿
601965,中国汽研,85亿
601969,海南矿业,306亿
601988,中国银行,13368亿
601989,中国重工,1735亿
601991,大唐发电,781亿
601992,金隅股份,480亿
601996,丰林集团,40亿
601998,中信银行,3303亿
601999,出版传媒,62亿
603000,人民网,250亿
603001,奥康国际,72亿
603002,宏昌电子,32亿
603003,龙宇燃油,43亿
603005,晶方科技,103亿
603006,联明股份,27亿
603008,喜临门,45亿
603009,北特科技,24亿
603010,万盛股份,25亿
603011,合锻股份,41亿
603017,园区设计,31亿
603018,设计股份,62亿
603019,中科曙光,162亿
603077,和邦股份,109亿
603088,宁波精达,29亿
603099,长白山,39亿
603100,川仪股份,62亿
603111,康尼机电,66亿
603123,翠微股份,55亿
603126,中材节能,61亿
603128,华贸物流,60亿
603166,福达股份,82亿
603167,渤海轮渡,57亿
603168,莎普爱思,62亿
603169,兰石重装,148亿
603188,亚邦股份,136亿
603288,海天味业,700亿
603306,华懋科技,38亿
603308,应流股份,75亿
603328,依顿电子,120亿
603333,明星电缆,33亿
603366,日出东方,69亿
603368,柳州医药,56亿
603369,今世缘,138亿
603399,新华龙,37亿
603456,九洲药业,70亿
603518,维格娜丝,49亿
603555,贵人鸟,166亿
603558,健盛集团,22亿
603588,高能环境,75亿
603600,永艺股份,17亿
603601,再升科技,10亿
603606,东方电缆,35亿
603609,禾丰牧业,85亿
603611,诺力股份,-
603636,南威软件,46亿
603678,火炬电子,27亿
603686,龙马环卫,31亿
603688,石英股份,44亿
603698,航天工程,-
603699,纽威股份,151亿
603766,隆鑫通用,121亿
603788,宁波高发,32亿
603799,华友钴业,-
603806,福斯特,158亿
603889,新澳股份,30亿
603899,晨光文具,87亿
603988,中电电机,31亿
603993,洛阳钼业,594亿
603998,方盛制药,39亿
000001,平安银行,1598亿
000002,万科A,1452亿
000003,PT金田A,Error
000004,国农科技,14亿
000005,世纪星源,37亿
000006,深振业A,90亿
000007,零七股份,33亿
000008,宝利来,73亿
000009,中国宝安,202亿
000010,深华新,43亿
000011,深物业A,56亿
000012,南玻A,185亿
000013,*ST石化A,Error
000014,沙河股份,28亿
000015,PT中浩A,Error
000016,深康佳A,91亿
000017,深中华A,45亿
000018,中冠A,47亿
000019,深深宝A,25亿
000020,深华发A,22亿
000021,深科技,128亿
000022,深赤湾A,130亿
000023,深天地A,24亿
000024,招商地产,664亿
000025,特力A,24亿
000026,飞亚达A,47亿
000027,深圳能源,288亿
000028,国药一致,183亿
000029,深深房A,66亿
000030,富奥股份,123亿
000031,中粮地产,162亿
000032,深桑达A,28亿
000033,*ST新都,16亿
000034,深信泰丰,24亿
000035,中国天楹,78亿
000036,华联控股,46亿
000037,深南电A,54亿
000038,深大通,17亿
000039,中集集团,534亿
000040,宝安地产,31亿
000042,中洲控股,67亿
000043,中航地产,57亿
000045,深纺织A,55亿
000046,泛海控股,523亿
000047,ST中侨,Error
000048,康达尔,41亿
000049,德赛电池,74亿
000050,深天马A,214亿
000055,方大集团,74亿
000056,深国商,37亿
000058,深赛格,63亿
000059,华锦股份,183亿
000060,中金岭南,221亿
000061,农产品,213亿
000062,深圳华强,120亿
000063,中兴通讯,690亿
000065,北方国际,48亿
000066,长城电脑,103亿
000068,华控赛格,101亿
000069,华侨城A,572亿
000070,特发信息,29亿
000078,海王生物,76亿
000088,盐田港,190亿
000089,深圳机场,100亿
000090,天健集团,91亿
000096,广聚能源,40亿
000099,中信海直,84亿
000100,TCL集团,375亿
000150,宜华地产,76亿
000151,中成股份,61亿
000153,丰原药业,38亿
000155,川化股份,38亿
000156,华数传媒,326亿
000157,中联重科,489亿
000158,常山股份,86亿
000159,国际实业,51亿
000166,申万宏源,2634亿
000301,东方市场,59亿
000333,美的集团,1300亿
000338,潍柴动力,547亿
000400,许继电气,247亿
000401,冀东水泥,164亿
000402,金融街,310亿
000403,ST生化,53亿
000404,华意压缩,44亿
000405,ST鑫光,Error
000406,大明退市,Error
000407,胜利股份,51亿
000408,金谷源,32亿
000409,山东地矿,54亿
000410,沈阳机床,116亿
000411,英特集团,44亿
000412,ST五环,Error
000413,东旭光电,204亿
000415,渤海租赁,233亿
000416,民生控股,55亿
000417,合肥百货,65亿
000418,小天鹅A,103亿
000419,通程控股,38亿
000420,吉林化纤,37亿
000421,南京中北,25亿
000422,湖北宜化,66亿
000423,东阿阿胶,262亿
000425,徐工机械,297亿
000426,兴业矿业,71亿
000428,华天酒店,44亿
000429,粤高速A,61亿
000430,张家界,26亿
000488,晨鸣纸业,136亿
000498,山东路桥,66亿
000501,鄂武商A,88亿
000502,绿景控股,20亿
000503,海虹控股,323亿
000504,*ST传媒,22亿
000505,珠江控股,32亿
000506,中润资源,64亿
000507,珠海港,72亿
000508,琼民源,Error
000509,华塑控股,39亿
000510,金路集团,35亿
000511,烯碳新材,107亿
000513,丽珠集团,147亿
000514,渝开发,59亿
000515,攀渝钛业,Error
000516,国际医学,115亿
000517,荣安地产,87亿
000518,四环生物,58亿
000519,江南红箭,110亿
000520,*ST凤凰,17亿
000521,美菱电器,49亿
000522,白云山A,-
000523,广州浪奇,44亿
000524,东方宾馆,35亿
000525,红太阳,89亿
000526,银润投资,20亿
000527,美的电器,-
000528,柳工,126亿
000529,广弘控股,58亿
000530,大冷股份,44亿
000531,穗恒运A,91亿
000532,力合股份,59亿
000533,万家乐,37亿
000534,万泽股份,39亿
000535,*ST猴王,Error
000536,华映科技,131亿
000537,广宇发展,46亿
000538,云南白药,686亿
000539,粤电力A,322亿
000540,中天城投,262亿
000541,佛山照明,109亿
000542,TCL通讯,Error
000543,皖能电力,130亿
000544,中原环保,33亿
000545,金浦钛业,61亿
000546,金圆股份,51亿
000547,闽福发A,169亿
000548,湖南投资,42亿
000549,S湘火炬,Error
000550,江铃汽车,332亿
000551,创元科技,40亿
000552,靖远煤电,72亿
000553,沙隆达A,83亿
000554,泰山石油,45亿
000555,神州信息,245亿
000556,PT南洋,Error
000557,*ST广夏,38亿
000558,莱茵置业,45亿
000559,万向钱潮,248亿
000560,昆百大A,30亿
000561,烽火电子,55亿
000562,宏源证券,1211亿
000563,陕国投A,144亿
000564,西安民生,28亿
000565,渝三峡A,28亿
000566,海南海药,95亿
000567,海德股份,19亿
000568,泸州老窖,274亿
000569,长城股份,Error
000570,苏常柴A,48亿
000571,新大洲A,42亿
000572,海马汽车,92亿
000573,粤宏远A,29亿
000576,广东甘化,54亿
000578,盐湖集团,Error
000581,威孚高科,315亿
000582,北部湾港,146亿
000583,S*ST托普,Error
000584,友利控股,42亿
000585,东北电气,44亿
000586,汇源通信,19亿
000587,金叶珠宝,65亿
000588,PT粤金曼,Error
000589,黔轮胎A,52亿
000590,紫光古汉,35亿
000591,桐君阁,39亿
000592,平潭发展,178亿
000593,大通燃气,22亿
000594,*ST国恒,22亿
000595,西北轴承,19亿
000596,古井贡酒,163亿
000597,东北制药,52亿
000598,兴蓉投资,229亿
000599,青岛双星,43亿
000600,建投能源,192亿
000601,韶能股份,69亿
000602,金马退市,-
000603,盛达矿业,71亿
000605,渤海股份,33亿
000606,青海明胶,34亿
000607,华媒控股,103亿
000608,阳光股份,34亿
000609,绵世股份,41亿
000610,西安旅游,21亿
000611,内蒙发展,23亿
000612,焦作万方,118亿
000613,大东海A,28亿
000615,湖北金环,20亿
000616,亿城投资,68亿
000617,石油济柴,32亿
000618,吉化退市,Error
000619,海螺型材,33亿
000620,新华联,113亿
000621,*ST比特,Error
000622,恒立实业,28亿
000623,吉林敖东,291亿
000625,长安汽车,940亿
000626,如意集团,43亿
000627,天茂集团,119亿
000628,高新发展,22亿
000629,攀钢钒钛,283亿
000630,铜陵有色,286亿
000631,顺发恒业,69亿
000632,三木集团,28亿
000633,合金投资,31亿
000635,英力特,37亿
000636,风华高科,80亿
000637,茂化实华,35亿
000638,万方发展,20亿
000639,西王食品,34亿
000650,仁和药业,84亿
000651,格力电器,1263亿
000652,泰达股份,115亿
000653,ST九州,Error
000655,金岭矿业,60亿
000656,金科股份,228亿
000657,中钨高新,104亿
000658,ST海洋,Error
000659,*ST中富,55亿
000660,*ST南华,Error
000661,长春高新,127亿
000662,索芙特,25亿
000663,永安林业,27亿
000665,湖北广电,91亿
000666,经纬纺机,137亿
000667,美好集团,75亿
000668,荣丰控股,18亿
000669,金鸿能源,139亿
000670,盈方微,93亿
000671,阳光城,178亿
000672,上峰水泥,66亿
000673,当代东方,32亿
000675,ST银山,Error
000676,思达高科,25亿
000677,恒天海龙,56亿
000678,襄阳轴承,27亿
000679,大连友谊,27亿
000680,山推股份,93亿
000681,视觉中国,161亿
000682,东方电子,47亿
000683,远兴能源,87亿
000685,中山公用,161亿
000686,东北证券,338亿
000687,恒天天鹅,40亿
000688,建新矿业,84亿
000689,ST宏业,Error
000690,宝新能源,116亿
000691,亚太实业,20亿
000692,惠天热电,24亿
000693,华泽钴镍,117亿
000695,滨海能源,32亿
000697,炼石有色,103亿
000698,沈阳化工,34亿
000699,S*ST佳纸,Error
000700,模塑科技,43亿
000701,厦门信达,38亿
000702,正虹科技,25亿
000703,恒逸石化,104亿
000705,浙江震元,36亿
000707,双环科技,25亿
000708,大冶特钢,48亿
000709,河北钢铁,362亿
000710,天兴仪表,18亿
000711,京蓝科技,23亿
000712,锦龙股份,286亿
000713,丰乐种业,34亿
000715,中兴商业,31亿
000716,黑芝麻,45亿
000717,韶钢松山,73亿
000718,苏宁环球,131亿
000719,大地传媒,130亿
000720,新能泰山,40亿
000721,西安饮食,31亿
000722,湖南发展,40亿
000723,美锦能源,22亿
000725,京东方A,1129亿
000726,鲁泰A,115亿
000727,华东科技,29亿
000728,国元证券,701亿
000729,燕京啤酒,239亿
000730,*ST环保,Error
000731,四川美丰,55亿
000732,泰禾集团,199亿
000733,振华科技,82亿
000735,罗牛山,71亿
000736,中房地产,29亿
000737,南风化工,31亿
000738,中航动控,217亿
000739,普洛药业,94亿
000748,长城信息,180亿
000750,国海证券,370亿
000751,锌业股份,89亿
000752,西藏发展,40亿
000753,漳州发展,35亿
000755,*ST三维,25亿
000756,新华制药,38亿
000757,浩物股份,34亿
000758,中色股份,151亿
000759,中百集团,60亿
000760,斯太尔,71亿
000761,本钢板材,169亿
000762,西藏矿业,67亿
000763,锦化退市,Error
000765,*ST华信,Error
000766,通化金马,32亿
000767,漳泽电力,110亿
000768,中航飞机,705亿
000769,*ST大菲,Error
000776,广发证券,1370亿
000777,中核科技,139亿
000778,新兴铸管,204亿
000779,*ST派神,20亿
000780,平庄能源,60亿
000782,美达股份,40亿
000783,长江证券,667亿
000785,武汉中商,21亿
000786,北新建材,188亿
000787,*ST创智,-
000788,北大医药,92亿
000789,万年青,54亿
000790,华神集团,40亿
000791,甘肃电投,100亿
000792,盐湖股份,378亿
000793,华闻传媒,248亿
000795,太原刚玉,36亿
000796,易食股份,17亿
000797,中国武夷,63亿
000798,中水渔业,33亿
000799,酒鬼酒,53亿
000800,一汽轿车,291亿
000801,四川九洲,88亿
000802,北京文化,56亿
000803,金宇车城,15亿
000805,*ST炎黄,Error
000806,银河投资,53亿
000807,云铝股份,103亿
000809,铁岭新城,59亿
000810,创维数字,110亿
000811,烟台冰轮,51亿
000812,陕西金叶,32亿
000813,天山纺织,40亿
000815,美利纸业,28亿
000816,江淮动力,104亿
000817,辽油退市,Error
000818,方大化工,30亿
000819,岳阳兴长,41亿
000820,金城股份,24亿
000821,京山轻机,33亿
000822,*ST海化,49亿
000823,超声电子,63亿
000825,太钢不锈,279亿
000826,桑德环境,246亿
000827,*ST长兴,Error
000828,东莞控股,85亿
000829,天音控股,83亿
000830,鲁西化工,80亿
000831,五矿稀土,347亿
000832,*ST龙涤,Error
000833,贵糖股份,27亿
000835,长城动漫,33亿
000836,鑫茂科技,28亿
000837,秦川机床,79亿
000838,国兴地产,17亿
000839,中信国安,195亿
000848,承德露露,111亿
000850,华茂股份,69亿
000851,高鸿股份,79亿
000852,江钻股份,93亿
000856,冀东装备,19亿
000858,五粮液,874亿
000859,国风塑业,36亿
000860,顺鑫农业,121亿
000861,海印股份,103亿
000862,银星能源,42亿
000863,三湘股份,67亿
000866,扬子退市,Error
000868,安凯客车,41亿
000869,张裕A,237亿
000875,吉电股份,63亿
000876,新希望,328亿
000877,天山股份,83亿
000878,云南铜业,196亿
000880,潍柴重机,37亿
000881,大连国际,28亿
000882,华联股份,85亿
000883,湖北能源,343亿
000885,同力水泥,49亿
000886,海南高速,47亿
000887,中鼎股份,199亿
000888,峨眉山A,59亿
000889,茂业物流,60亿
000890,法尔胜,34亿
000892,星美联合,34亿
000893,东凌粮油,48亿
000895,双汇发展,731亿
000897,津滨发展,126亿
000898,鞍钢股份,400亿
000899,赣能股份,49亿
000900,现代投资,68亿
000901,航天科技,105亿
000902,新洋丰,102亿
000903,云内动力,58亿
000905,厦门港务,92亿
000906,物产中拓,52亿
000908,天一科技,122亿
000909,数源科技,26亿
000910,大亚科技,43亿
000911,南宁糖业,29亿
000912,泸天化,53亿
000913,钱江摩托,29亿
000915,山大华特,51亿
000916,华北高速,57亿
000917,电广传媒,257亿
000918,嘉凯城,79亿
000919,金陵药业,72亿
000920,南方汇通,76亿
000921,海信科龙,123亿
000922,佳电股份,93亿
000923,河北宣工,22亿
000925,众合机电,88亿
000926,福星股份,78亿
000927,一汽夏利,112亿
000928,中钢国际,86亿
000929,兰州黄河,22亿
000930,中粮生化,74亿
000931,中关村,66亿
000932,华菱钢铁,104亿
000933,神火股份,107亿
000935,四川双马,44亿
000936,华西股份,47亿
000937,冀中能源,217亿
000938,紫光股份,60亿
000939,凯迪电力,122亿
000948,南天信息,39亿
000949,新乡化纤,49亿
000950,建峰化工,38亿
000951,中国重汽,80亿
000952,广济药业,28亿
000953,河池化工,23亿
000955,欣龙控股,30亿
000956,中原退市,Error
000957,中通客车,39亿
000958,东方能源,73亿
000959,首钢股份,214亿
000960,锡业股份,213亿
000961,中南建设,142亿
000962,东方钽业,53亿
000963,华东医药,247亿
000965,天保基建,96亿
000966,长源电力,66亿
000967,上风高科,36亿
000968,煤气化,46亿
000969,安泰科技,81亿
000970,中科三环,179亿
000971,蓝鼎控股,22亿
000972,新中基,42亿
000973,佛塑科技,59亿
000975,银泰资源,180亿
000976,春晖股份,22亿
000977,浪潮信息,217亿
000978,桂林旅游,34亿
000979,中弘股份,127亿
000980,金马股份,33亿
000981,银亿股份,117亿
000982,中银绒业,83亿
000983,西山煤电,251亿
000985,大庆华科,20亿
000987,广州友谊,75亿
000988,华工科技,116亿
000989,九芝堂,60亿
000990,诚志股份,75亿
000993,闽东电力,33亿
000995,皇台酒业,21亿
000996,中国中期,65亿
000997,新大陆,161亿
000998,隆平高科,211亿
000999,华润三九,241亿
001696,宗申动力,107亿
001896,豫能控股,85亿
002001,新和成,172亿
002002,鸿达兴业,92亿
002003,伟星股份,38亿
002004,华邦颖泰,150亿
002005,德豪润达,119亿
002006,*ST精功,39亿
002007,华兰生物,212亿
002008,大族激光,182亿
002009,天奇股份,52亿
002010,传化股份,44亿
002011,盾安环境,91亿
002012,凯恩股份,33亿
002013,中航机电,192亿
002014,永新股份,30亿
002015,*ST霞客,20亿
002016,世荣兆业,58亿
002017,东信和平,42亿
002018,华信国际,167亿
002019,亿帆鑫富,124亿
002020,京新药业,55亿
002021,中捷资源,48亿
002022,科华生物,119亿
002023,海特高新,85亿
002024,苏宁云商,780亿
002025,航天电器,69亿
002026,山东威达,33亿
002027,七喜控股,24亿
002028,思源电气,92亿
002029,七匹狼,75亿
002030,达安基因,130亿
002031,巨轮股份,80亿
002032,苏泊尔,119亿
002033,丽江旅游,46亿
002034,美欣达,16亿
002035,华帝股份,51亿
002036,汉麻产业,22亿
002037,久联发展,64亿
002038,双鹭药业,193亿
002039,黔源电力,43亿
002040,南京港,28亿
002041,登海种业,124亿
002042,华孚色纺,52亿
002043,兔宝宝,31亿
002044,江苏三友,22亿
002045,国光电器,30亿
002046,轴研科技,38亿
002047,宝鹰股份,72亿
002048,宁波华翔,84亿
002049,同方国芯,194亿
002050,三花股份,115亿
002051,中工国际,216亿
002052,同洲电子,71亿
002053,云南盐化,33亿
002054,德美化工,29亿
002055,得润电子,53亿
002056,横店东磁,98亿
002057,中钢天源,25亿
002058,威尔泰,19亿
002059,云南旅游,44亿
002060,粤水电,43亿
002061,江山化工,30亿
002062,宏润建设,47亿
002063,远光软件,114亿
002064,华峰氨纶,104亿
002065,东华软件,387亿
002066,瑞泰科技,30亿
002067,景兴纸业,41亿
002068,黑猫股份,51亿
002069,獐子岛,89亿
002070,众和股份,60亿
002071,长城影视,101亿
002072,凯瑞德,23亿
002073,软控股份,104亿
002074,东源电器,47亿
002075,沙钢股份,102亿
002076,雪莱特,22亿
002077,大港股份,22亿
002078,太阳纸业,102亿
002079,苏州固锝,55亿
002080,中材科技,58亿
002081,金螳螂,438亿
002082,栋梁新材,23亿
002083,孚日股份,49亿
002084,海鸥卫浴,47亿
002085,万丰奥威,132亿
002086,东方海洋,32亿
002087,新野纺织,26亿
002088,鲁阳股份,31亿
002089,新海宜,91亿
002090,金智科技,32亿
002091,江苏国泰,57亿
002092,中泰化学,126亿
002093,国脉科技,59亿
002094,青岛金王,41亿
002095,生意宝,111亿
002096,南岭民爆,44亿
002097,山河智能,52亿
002098,浔兴股份,31亿
002099,海翔药业,76亿
002100,天康生物,60亿
002101,广东鸿图,37亿
002102,冠福股份,62亿
002103,广博股份,33亿
002104,恒宝股份,99亿
002105,信隆实业,30亿
002106,莱宝高科,94亿
002107,沃华医药,61亿
002108,沧州明珠,62亿
002109,兴化股份,23亿
002110,三钢闽光,35亿
002111,威海广泰,55亿
002112,三变科技,22亿
002113,天润控股,16亿
002114,罗平锌电,44亿
002115,三维通信,38亿
002116,中国海诚,53亿
002117,东港股份,80亿
002118,紫鑫药业,70亿
002119,康强电子,26亿
002120,新海股份,21亿
002121,科陆电子,63亿
002122,天马股份,88亿
002123,荣信股份,46亿
002124,天邦股份,22亿
002125,湘潭电化,18亿
002126,银轮股份,45亿
002127,*ST新民,40亿
002128,露天煤业,150亿
002129,中环股份,246亿
002130,沃尔核材,83亿
002131,利欧股份,104亿
002132,恒星科技,34亿
002133,广宇集团,37亿
002134,*ST普林,21亿
002135,东南网架,41亿
002136,安纳达,23亿
002137,实益达,33亿
002138,顺络电子,75亿
002139,拓邦股份,32亿
002140,东华科技,87亿
002141,蓉胜超微,27亿
002142,宁波银行,462亿
002143,印纪传媒,205亿
002144,宏达高科,33亿
002145,中核钛白,58亿
002146,荣盛发展,309亿
002147,方圆支承,25亿
002148,北纬通信,51亿
002149,西部材料,31亿
002150,通润装备,22亿
002151,北斗星通,95亿
002152,广电运通,198亿
002153,石基信息,256亿
002154,报喜鸟,63亿
002155,辰州矿业,112亿
002156,通富微电,61亿
002157,正邦科技,59亿
002158,汉钟精机,48亿
002159,三特索道,31亿
002160,*ST常铝,30亿
002161,远望谷,69亿
002162,斯米克,38亿
002163,*ST三鑫,58亿
002164,*ST东力,27亿
002165,红宝丽,36亿
002166,莱茵生物,32亿
002167,东方锆业,69亿
002168,深圳惠程,76亿
002169,智光电气,31亿
002170,芭田股份,97亿
002171,精诚铜业,52亿
002172,澳洋科技,38亿
002173,千足珍珠,26亿
002174,游族网络,136亿
002175,广陆数测,39亿
002176,江特电机,82亿
002177,御银股份,56亿
002178,延华智能,58亿
002179,中航光电,123亿
002180,艾派克,99亿
002181,粤传媒,122亿
002182,云海金属,35亿
002183,怡亚通,195亿
002184,海得控制,57亿
002185,华天科技,97亿
002186,全聚德,61亿
002187,广百股份,46亿
002188,新嘉联,17亿
002189,利达光电,51亿
002190,成飞集成,131亿
002191,劲嘉股份,98亿
002192,路翔股份,29亿
002193,山东如意,16亿
002194,武汉凡谷,66亿
002195,海隆软件,171亿
002196,方正电机,30亿
002197,证通电子,43亿
002198,嘉应制药,48亿
002199,东晶电子,26亿
002200,云投生态,33亿
002201,九鼎新材,22亿
002202,金风科技,419亿
002203,海亮股份,136亿
002204,大连重工,122亿
002205,国统股份,21亿
002206,海利得,43亿
002207,准油股份,32亿
002208,合肥城建,26亿
002209,达意隆,18亿
002210,飞马国际,84亿
002211,宏达新材,38亿
002212,南洋股份,37亿
002213,特尔佳,23亿
002214,大立科技,56亿
002215,诺普信,76亿
002216,三全食品,87亿
002217,*ST合泰,110亿
002218,拓日新能,48亿
002219,恒康医疗,137亿
002220,天宝股份,41亿
002221,东华能源,132亿
002222,福晶科技,33亿
002223,鱼跃医疗,163亿
002224,三力士,63亿
002225,濮耐股份,62亿
002226,江南化工,50亿
002227,奥特迅,46亿
002228,合兴包装,48亿
002229,鸿博股份,54亿
002230,科大讯飞,287亿
002231,奥维通信,30亿
002232,启明信息,49亿
002233,塔牌集团,86亿
002234,*ST民和,29亿
002235,安妮股份,30亿
002236,大华股份,320亿
002237,恒邦股份,79亿
002238,天威视讯,59亿
002239,金飞达,28亿
002240,威华股份,86亿
002241,歌尔声学,454亿
002242,九阳股份,93亿
002243,通产丽星,30亿
002244,滨江集团,104亿
002245,澳洋顺昌,64亿
002246,北化股份,42亿
002247,帝龙新材,27亿
002248,*ST东数,26亿
002249,大洋电机,109亿
002250,联化科技,147亿
002251,步步高,91亿
002252,上海莱士,656亿
002253,川大智胜,36亿
002254,泰和新材,65亿
002255,海陆重工,36亿
002256,彩虹精化,31亿
002258,利尔化学,36亿
002259,升达林业,37亿
002260,伊立浦,43亿
002261,拓维信息,80亿
002262,恩华药业,110亿
002263,大东南,47亿
002264,新华都,41亿
002265,西仪股份,33亿
002266,浙富控股,139亿
002267,陕天然气,133亿
002268,卫士通,158亿
002269,美邦服饰,123亿
002270,法因数控,22亿
002271,东方雨虹,168亿
002272,川润股份,30亿
002273,水晶光电,77亿
002274,华昌化工,34亿
002275,桂林三金,112亿
002276,万马股份,86亿
002277,友阿股份,84亿
002278,神开股份,36亿
002279,久其软件,69亿
002280,新世纪,154亿
002281,光迅科技,85亿
002282,博深工具,41亿
002283,天润曲轴,51亿
002284,亚太股份,55亿
002285,世联行,161亿
002286,保龄宝,31亿
002287,奇正藏药,97亿
002288,超华科技,41亿
002289,宇顺电子,38亿
002290,禾盛新材,25亿
002291,星期六,30亿
002292,奥飞动漫,224亿
002293,罗莱家纺,76亿
002294,信立泰,252亿
002295,精艺股份,22亿
002296,辉煌科技,61亿
002297,博云新材,52亿
002298,鑫龙电器,37亿
002299,圣农发展,136亿
002300,太阳电缆,34亿
002301,齐心集团,36亿
002302,西部建设,75亿
002303,美盈森,109亿
002304,洋河股份,842亿
002305,南国置业,67亿
002306,中科云网,58亿
002307,北新路桥,70亿
002308,威创股份,68亿
002309,中利科技,117亿
002310,东方园林,197亿
002311,海大集团,153亿
002312,三泰电子,105亿
002313,日海通讯,38亿
002314,雅致股份,31亿
002315,焦点科技,75亿
002316,键桥通讯,41亿
002317,众生药业,73亿
002318,久立特材,145亿
002319,乐通股份,20亿
002320,海峡股份,51亿
002321,华英农业,35亿
002322,理工监测,39亿
002323,中联电气,26亿
002324,普利特,68亿
002325,洪涛股份,93亿
002326,永太科技,64亿
002327,富安娜,65亿
002328,新朋股份,40亿
002329,皇氏集团,74亿
002330,得利斯,36亿
002331,皖通科技,37亿
002332,仙琚制药,58亿
002333,罗普斯金,30亿
002334,英威腾,56亿
002335,科华恒盛,48亿
002336,人人乐,45亿
002337,赛象科技,71亿
002338,奥普光电,55亿
002339,积成电子,57亿
002340,格林美,134亿
002341,新纶科技,64亿
002342,巨力索具,60亿
002343,禾欣股份,31亿
002344,海宁皮城,181亿
002345,潮宏基,84亿
002346,柘中建设,57亿
002347,泰尔重工,24亿
002348,高乐股份,42亿
002349,精华制药,79亿
002350,北京科锐,28亿
002351,漫步者,52亿
002352,鼎泰新材,20亿
002353,杰瑞股份,353亿
002354,科冕木业,128亿
002355,兴民钢圈,35亿
002356,浩宁达,44亿
002357,富临运业,27亿
002358,森源电气,153亿
002359,齐星铁塔,26亿
002360,同德化工,31亿
002361,神剑股份,31亿
002362,汉王科技,39亿
002363,隆基机械,52亿
002364,中恒电气,53亿
002365,永安药业,25亿
002366,丹甫股份,58亿
002367,康力电梯,89亿
002368,太极股份,142亿
002369,卓翼科技,53亿
002370,亚太药业,33亿
002371,七星电子,87亿
002372,伟星新材,82亿
002373,千方科技,156亿
002374,丽鹏股份,40亿
002375,亚厦股份,201亿
002376,新北洋,79亿
002377,国创高新,32亿
002378,章源钨业,107亿
002379,鲁丰环保,39亿
002380,科远股份,28亿
002381,双箭股份,31亿
002382,蓝帆医疗,50亿
002383,合众思壮,51亿
002384,东山精密,94亿
002385,大北农,292亿
002386,天原集团,44亿
002387,黑牛食品,53亿
002388,新亚制程,32亿
002389,南洋科技,63亿
002390,信邦制药,118亿
002391,长青股份,59亿
002392,北京利尔,82亿
002393,力生制药,63亿
002394,联发股份,39亿
002395,双象股份,22亿
002396,星网锐捷,95亿
002397,梦洁家纺,31亿
002398,建研集团,46亿
002399,海普瑞,224亿
002400,省广股份,158亿
002401,中海科技,58亿
002402,和而泰,32亿
002403,爱仕达,29亿
002404,嘉欣丝绸,33亿
002405,四维图新,165亿
002406,远东传动,31亿
002407,多氟多,43亿
002408,齐翔腾达,97亿
002409,雅克科技,33亿
002410,广联达,221亿
002411,九九久,34亿
002412,汉森制药,48亿
002413,常发股份,50亿
002414,高德红外,133亿
002415,海康威视,1171亿
002416,爱施德,123亿
002417,三元达,28亿
002418,康盛股份,41亿
002419,天虹商场,101亿
002420,毅昌股份,27亿
002421,达实智能,75亿
002422,科伦药业,237亿
002423,中原特钢,63亿
002424,贵州百灵,212亿
002425,凯撒股份,46亿
002426,胜利精密,101亿
002427,尤夫股份,31亿
002428,云南锗业,99亿
002429,兆驰股份,133亿
002430,杭氧股份,75亿
002431,棕榈园林,99亿
002432,九安医疗,105亿
002433,太安堂,94亿
002434,万里扬,61亿
002435,长江润发,19亿
002436,兴森科技,77亿
002437,誉衡药业,210亿
002438,江苏神通,58亿
002439,启明星辰,108亿
002440,闰土股份,176亿
002441,众业达,63亿
002442,龙星化工,38亿
002443,金洲管道,36亿
002444,巨星科技,135亿
002445,中南重工,71亿
002446,盛路通信,54亿
002447,壹桥海参,76亿
002448,中原内配,56亿
002449,国星光电,52亿
002450,康得新,317亿
002451,摩恩电气,34亿
002452,长高集团,45亿
002453,天马精化,44亿
002454,松芝股份,70亿
002455,百川股份,22亿
002456,欧菲光,230亿
002457,青龙管业,38亿
002458,益生股份,35亿
002459,*ST天业,53亿
002460,赣锋锂业,64亿
002461,珠江啤酒,93亿
002462,嘉事堂,74亿
002463,沪电股份,83亿
002464,金利科技,23亿
002465,海格通信,216亿
002466,天齐锂业,127亿
002467,二六三,75亿
002468,艾迪西,53亿
002469,三维工程,49亿
002470,金正大,263亿
002471,中超电缆,71亿
002472,双环传动,39亿
002473,圣莱达,47亿
002474,榕基软件,79亿
002475,立讯精密,294亿
002476,宝莫股份,48亿
002477,雏鹰农牧,92亿
002478,常宝股份,48亿
002479,富春环保,67亿
002480,新筑股份,72亿
002481,双塔食品,97亿
002482,广田股份,97亿
002483,润邦股份,48亿
002484,江海股份,52亿
002485,希努尔,38亿
002486,嘉麟杰,39亿
002487,大金重工,35亿
002488,金固股份,60亿
002489,浙江永强,73亿
002490,山东墨龙,76亿
002491,通鼎互联,69亿
002492,恒基达鑫,24亿
002493,荣盛石化,168亿
002494,华斯股份,25亿
002495,佳隆股份,51亿
002496,辉丰股份,100亿
002497,雅化集团,66亿
002498,汉缆股份,97亿
002499,科林环保,31亿
002500,山西证券,354亿
002501,利源精制,123亿
002502,骅威股份,42亿
002503,搜于特,117亿
002504,东光微电,67亿
002505,大康牧业,205亿
002506,*ST超日,16亿
002507,涪陵榨菜,58亿
002508,老板电器,127亿
002509,天广消防,56亿
002510,天汽模,40亿
002511,中顺洁柔,42亿
002512,达华智能,72亿
002513,蓝丰生化,25亿
002514,宝馨科技,38亿
002515,金字火腿,37亿
002516,江苏旷达,61亿
002517,泰亚股份,25亿
002518,科士达,51亿
002519,银河电子,66亿
002520,日发精机,67亿
002521,齐峰新材,53亿
002522,浙江众成,87亿
002523,天桥起重,23亿
002524,光正集团,32亿
002525,胜景山河,Error
002526,山东矿机,43亿
002527,新时达,72亿
002528,英飞拓,53亿
002529,海源机械,24亿
002530,丰东股份,22亿
002531,天顺风能,66亿
002532,新界泵业,36亿
002533,金杯电工,40亿
002534,杭锅股份,76亿
002535,林州重机,48亿
002536,西泵股份,26亿
002537,海立美达,28亿
002538,司尔特,57亿
002539,新都化工,64亿
002540,亚太科技,78亿
002541,鸿路钢构,39亿
002542,中化岩土,63亿
002543,万和电气,55亿
002544,杰赛科技,155亿
002545,东方铁塔,43亿
002546,新联电子,34亿
002547,春兴精工,64亿
002548,金新农,34亿
002549,凯美特气,55亿
002550,千红制药,77亿
002551,尚荣医疗,87亿
002552,宝鼎重工,27亿
002553,南方轴承,22亿
002554,惠博普,52亿
002555,顺荣股份,158亿
002556,辉隆股份,68亿
002557,洽洽食品,71亿
002558,世纪游轮,20亿
002559,亚威股份,35亿
002560,通达股份,26亿
002561,徐家汇,54亿
002562,兄弟科技,28亿
002563,森马服饰,264亿
002564,天沃科技,63亿
002565,上海绿新,59亿
002566,益盛药业,46亿
002567,唐人神,39亿
002568,百润股份,82亿
002569,步森股份,26亿
002570,贝因美,168亿
002571,德力股份,43亿
002572,索菲亚,114亿
002573,国电清新,153亿
002574,明牌珠宝,62亿
002575,群兴玩具,38亿
002576,通达动力,31亿
002577,雷柏科技,83亿
002578,闽发铝业,32亿
002579,中京电子,36亿
002580,圣阳股份,21亿
002581,万昌科技,53亿
002582,好想你,30亿
002583,海能达,77亿
002584,西陇化工,37亿
002585,双星新材,74亿
002586,围海股份,47亿
002587,奥拓电子,31亿
002588,史丹利,114亿
002589,瑞康医药,87亿
002590,万安科技,27亿
002591,恒大高新,26亿
002592,八菱科技,45亿
002593,日上集团,34亿
002594,比亚迪,990亿
002595,豪迈科技,115亿
002596,海南瑞泽,29亿
002597,金禾实业,49亿
002598,山东章鼓,28亿
002599,盛通股份,21亿
002600,江粉磁材,35亿
002601,佰利联,45亿
002602,世纪华通,136亿
002603,以岭药业,176亿
002604,龙力生物,43亿
002605,姚记扑克,72亿
002606,大连电瓷,33亿
002607,亚夏汽车,23亿
002608,舜天船舶,40亿
002609,捷顺科技,62亿
002610,爱康科技,69亿
002611,东方精工,56亿
002612,朗姿股份,54亿
002613,北玻股份,43亿
002614,蒙发利,56亿
002615,哈尔斯,25亿
002616,长青集团,49亿
002617,露笑科技,42亿
002618,丹邦科技,52亿
002619,巨龙管业,27亿
002620,瑞和股份,22亿
002621,大连三垒,31亿
002622,永大集团,54亿
002623,亚玛顿,38亿
002624,金磊股份,97亿
002625,龙生股份,21亿
002626,金达威,70亿
002627,宜昌交运,21亿
002628,成都路桥,41亿
002629,仁智油服,23亿
002630,华西能源,67亿
002631,德尔家居,42亿
002632,道明光学,27亿
002633,申科股份,29亿
002634,棒杰股份,21亿
002635,安洁科技,57亿
002636,金安国纪,36亿
002637,赞宇科技,28亿
002638,勤上光电,47亿
002639,雪人股份,30亿
002640,百圆裤业,78亿
002641,永高股份,44亿
002642,荣之联,155亿
002643,烟台万润,46亿
002644,佛慈制药,40亿
002645,华宏科技,27亿
002646,青青稞酒,91亿
002647,宏磊股份,24亿
002648,卫星石化,108亿
002649,博彦科技,64亿
002650,加加食品,56亿
002651,利君股份,114亿
002652,扬子新材,25亿
002653,海思科,252亿
002654,万润科技,26亿
002655,共达电声,35亿
002656,卡奴迪路,32亿
002657,中科金财,120亿
002658,雪迪龙,75亿
002659,中泰桥梁,31亿
002660,茂硕电源,23亿
002661,克明面业,34亿
002662,京威股份,103亿
002663,普邦园林,92亿
002664,信质电机,65亿
002665,首航节能,113亿
002666,德联集团,55亿
002667,鞍重股份,24亿
002668,奥马电器,35亿
002669,康达新材,28亿
002670,华声股份,29亿
002671,龙泉股份,48亿
002672,东江环保,129亿
002673,西部证券,371亿
002674,兴业科技,31亿
002675,东诚药业,41亿
002676,顺威股份,29亿
002677,浙江美大,49亿
002678,珠江钢琴,133亿
002679,福建金森,31亿
002680,黄海机械,26亿
002681,奋达科技,118亿
002682,龙洲股份,19亿
002683,宏大爆破,64亿
002684,猛狮科技,32亿
002685,华东重机,34亿
002686,亿利达,36亿
002687,乔治白,26亿
002688,金河生物,33亿
002689,博林特,56亿
002690,美亚光电,153亿
002691,石中装备,30亿
002692,远程电缆,40亿
002693,双成药业,36亿
002694,顾地科技,28亿
002695,煌上煌,38亿
002696,百洋股份,22亿
002697,红旗连锁,74亿
002698,博实股份,101亿
002699,美盛文化,69亿
002700,新疆浩源,50亿
002701,奥瑞金,151亿
002702,海欣食品,28亿
002703,浙江世宝,84亿
002705,新宝股份,69亿
002706,良信电器,41亿
002707,众信旅游,90亿
002708,光洋股份,33亿
002709,天赐材料,40亿
002710,慈铭体检,-
002711,欧浦钢网,73亿
002712,思美传媒,48亿
002713,东易日盛,48亿
002714,牧原股份,129亿
002715,登云股份,23亿
002716,金贵银业,59亿
002717,岭南园林,43亿
002718,友邦吊顶,38亿
002719,麦趣尔,29亿
002720,宏良股份,-
002721,金一文化,42亿
002722,金轮股份,28亿
002723,金莱特,26亿
002724,海洋王,106亿
002725,跃岭股份,34亿
002726,龙大肉食,48亿
002727,一心堂,119亿
002728,台城制药,41亿
002729,好利来,25亿
002730,电光科技,33亿
002731,萃华珠宝,49亿
002732,燕塘乳业,38亿
002733,雄韬股份,42亿
002734,利民股份,15亿
002735,王子新材,23亿
002736,国信证券,1821亿
002737,葵花药业,92亿
002738,中矿资源,45亿
002739,万达院线,229亿
002740,爱迪尔,31亿
031005,国安GAC1,Error
031007,阿胶EJC1,Error
038011,攀钢AGP1,Error
038014,钾肥JFP1,Error
038015,盐湖YHP1,Error
038016,集琦JQP1,Error
038017,深发SFP1,Error
300001,特锐德,83亿
300002,神州泰岳,296亿
300003,乐普医疗,204亿
300004,南风股份,125亿
300005,探路者,117亿
300006,莱美药业,64亿
300007,汉威电子,49亿
300008,上海佳豪,34亿
300009,安科生物,51亿
300010,立思辰,74亿
300011,鼎汉技术,90亿
300012,华测检测,64亿
300013,新宁物流,21亿
300014,亿纬锂能,59亿
300015,爱尔眼科,212亿
300016,北陆药业,53亿
300017,网宿科技,212亿
300018,中元华电,25亿
300019,硅宝科技,28亿
300020,银江股份,89亿
300021,大禹节水,40亿
300022,吉峰农机,36亿
300023,宝德股份,16亿
300024,机器人,270亿
300025,华星创业,42亿
300026,红日药业,162亿
300027,华谊兄弟,357亿
300028,金亚科技,37亿
300029,天龙光电,19亿
300030,阳普医疗,41亿
300031,宝通带业,28亿
300032,金龙机电,90亿
300033,同花顺,161亿
300034,钢研高纳,78亿
300035,中科电气,21亿
300036,超图软件,35亿
300037,新宙邦,54亿
300038,梅泰诺,37亿
300039,上海凯宝,89亿
300040,九洲电气,24亿
300041,回天新材,39亿
300042,朗科科技,21亿
300043,互动娱乐,104亿
300044,赛为智能,31亿
300045,华力创通,52亿
300046,台基股份,21亿
300047,天源迪科,43亿
300048,合康变频,37亿
300049,福瑞股份,57亿
300050,世纪鼎利,49亿
300051,三五互联,38亿
300052,中青宝,68亿
300053,欧比特,45亿
300054,鼎龙股份,72亿
300055,万邦达,121亿
300056,三维丝,34亿
300057,万顺股份,42亿
300058,蓝色光标,248亿
300059,东方财富,503亿
300061,康耐特,18亿
300062,中能电气,20亿
300063,天龙集团,35亿
300064,豫金刚石,42亿
300065,海兰信,40亿
300066,三川股份,38亿
300067,安诺其,47亿
300068,南都电源,64亿
300069,金利华电,18亿
300070,碧水源,396亿
300071,华谊嘉信,57亿
300072,三聚环保,131亿
300073,当升科技,28亿
300074,华平股份,47亿
300075,数字政通,73亿
300076,GQY视讯,32亿
300077,国民技术,86亿
300078,中瑞思创,37亿
300079,数码视讯,96亿
300080,新大新材,46亿
300081,恒信移动,34亿
300082,奥克股份,47亿
300083,劲胜精密,46亿
300084,海默科技,36亿
300085,银之杰,165亿
300086,康芝药业,43亿
300087,荃银高科,19亿
300088,长信科技,85亿
300089,长城集团,23亿
300090,盛运股份,83亿
300091,金通灵,60亿
300092,科新机电,15亿
300093,金刚玻璃,25亿
300094,国联水产,37亿
300095,华伍股份,21亿
300096,易联众,61亿
300097,智云股份,23亿
300098,高新兴,51亿
300099,尤洛卡,26亿
300100,双林股份,51亿
300101,振芯科技,75亿
300102,乾照光电,38亿
300103,达刚路机,39亿
300104,乐视网,465亿
300105,龙源技术,66亿
300106,西部牧业,21亿
300107,建新股份,28亿
300108,双龙股份,46亿
300109,新开源,35亿
300110,华仁药业,48亿
300111,向日葵,47亿
300112,万讯自控,28亿
300113,顺网科技,81亿
300114,中航电测,73亿
300115,长盈精密,110亿
300116,坚瑞消防,25亿
300117,嘉寓股份,22亿
300118,东方日升,53亿
300119,瑞普生物,40亿
300120,经纬电材,21亿
300121,阳谷华泰,25亿
300122,智飞生物,182亿
300123,太阳鸟,33亿
300124,汇川技术,274亿
300125,易世达,23亿
300126,锐奇股份,37亿
300127,银河磁体,41亿
300128,锦富新材,68亿
300129,泰胜风能,34亿
300130,新国都,32亿
300131,英唐智控,53亿
300132,青松股份,30亿
300133,华策影视,193亿
300134,大富科技,152亿
300135,宝利沥青,57亿
300136,信维通信,51亿
300137,先河环保,50亿
300138,晨光生物,20亿
300139,福星晓程,51亿
300140,启源装备,30亿
300141,和顺电气,23亿
300142,沃森生物,97亿
300143,星河生物,16亿
300144,宋城演艺,168亿
300145,南方泵业,64亿
300146,汤臣倍健,188亿
300147,香雪制药,105亿
300148,天舟文化,70亿
300149,量子高科,23亿
300150,世纪瑞尔,50亿
300151,昌红科技,33亿
300152,燃控科技,33亿
300153,科泰电源,21亿
300154,瑞凌股份,35亿
300155,安居宝,85亿
300156,神雾环保,66亿
300157,恒泰艾普,73亿
300158,振东制药,40亿
300159,新研股份,59亿
300160,秀强股份,22亿
300161,华中数控,26亿
300162,雷曼光电,85亿
300163,先锋新材,18亿
300164,通源石油,39亿
300165,天瑞仪器,34亿
300166,东方国信,97亿
300167,迪威视讯,46亿
300168,万达信息,279亿
300169,天晟新材,29亿
300170,汉得信息,72亿
300171,东富龙,83亿
300172,中电环保,37亿
300173,松德股份,44亿
300174,元力股份,16亿
300175,朗源股份,38亿
300176,鸿特精密,17亿
300177,中海达,63亿
300178,腾邦国际,86亿
300179,四方达,24亿
300180,华峰超纤,37亿
300181,佐力药业,45亿
300182,捷成股份,101亿
300183,东软载波,120亿
300184,力源信息,24亿
300185,通裕重工,53亿
300186,大华农,42亿
300187,永清环保,61亿
300188,美亚柏科,71亿
300189,神农大丰,29亿
300190,维尔利,50亿
300191,潜能恒信,63亿
300192,科斯伍德,22亿
300193,佳士科技,36亿
300194,福安药业,57亿
300195,长荣股份,56亿
300196,长海股份,45亿
300197,铁汉生态,83亿
300198,纳川股份,33亿
300199,翰宇药业,132亿
300200,高盟新材,27亿
300201,海伦哲,26亿
300202,聚龙股份,167亿
300203,聚光科技,96亿
300204,舒泰神,71亿
300205,天喻信息,67亿
300206,理邦仪器,40亿
300207,欣旺达,87亿
300208,恒顺电气,40亿
300209,天泽信息,31亿
300210,森远股份,39亿
300211,亿通科技,17亿
300212,易华录,106亿
300213,佳讯飞鸿,67亿
300214,日科化学,23亿
300215,电科院,64亿
300216,千山药机,66亿
300217,东方电热,47亿
300218,安利股份,22亿
300219,鸿利光电,29亿
300220,金运激光,38亿
300221,银禧科技,29亿
300222,科大智能,62亿
300223,北京君正,37亿
300224,正海磁材,63亿
300225,金力泰,32亿
300226,上海钢联,150亿
300227,光韵达,26亿
300228,富瑞特装,71亿
300229,拓尔思,62亿
300230,永利带业,18亿
300231,银信科技,44亿
300232,洲明科技,31亿
300233,金城医药,48亿
300234,开尔新材,42亿
300235,方直科技,27亿
300236,上海新阳,39亿
300237,美晨科技,38亿
300238,冠昊生物,69亿
300239,东宝生物,24亿
300240,飞力达,21亿
300241,瑞丰光电,26亿
300242,明家科技,38亿
300243,瑞丰高材,17亿
300244,迪安诊断,121亿
300245,天玑科技,44亿
300246,宝莱特,37亿
300247,桑乐金,21亿
300248,新开普,45亿
300249,依米康,22亿
300250,初灵信息,45亿
300251,光线传媒,265亿
300252,金信诺,70亿
300253,卫宁软件,217亿
300254,仟源医药,42亿
300255,常山药业,70亿
300256,星星科技,36亿
300257,开山股份,163亿
300258,精锻科技,32亿
300259,新天科技,40亿
300260,新莱应材,17亿
300261,雅本化学,48亿
300262,巴安水务,54亿
300263,隆华节能,69亿
300264,佳创视讯,22亿
300265,通光线缆,35亿
300266,兴源过滤,78亿
300267,尔康制药,173亿
300268,万福生科,22亿
300269,联建光电,78亿
300270,中威电子,25亿
300271,华宇软件,70亿
300272,开能环保,47亿
300273,和佳股份,160亿
300274,阳光电源,120亿
300275,梅安森,30亿
300276,三丰智能,31亿
300277,海联讯,20亿
300278,华昌达,44亿
300279,和晶科技,34亿
300280,南通锻压,18亿
300281,金明精机,24亿
300282,汇冠股份,36亿
300283,温州宏丰,24亿
300284,苏交科,68亿
300285,国瓷材料,44亿
300286,安科瑞,32亿
300287,飞利信,99亿
300288,朗玛信息,203亿
300289,利德曼,51亿
300290,荣科科技,34亿
300291,华录百纳,135亿
300292,吴通通讯,58亿
300293,蓝英装备,51亿
300294,博雅生物,52亿
300295,三六五网,87亿
300296,利亚德,71亿
300297,蓝盾股份,42亿
300298,三诺生物,75亿
300299,富春通信,26亿
300300,汉鼎股份,49亿
300301,长方照明,39亿
300302,同有科技,29亿
300303,聚飞光电,55亿
300304,云意电气,38亿
300305,裕兴股份,28亿
300306,远方光电,34亿
300307,慈星股份,73亿
300308,中际装备,22亿
300309,吉艾科技,43亿
300310,宜通世纪,37亿
300311,任子行,32亿
300312,邦讯技术,39亿
300313,天山生物,21亿
300314,戴维医疗,39亿
300315,掌趣科技,205亿
300316,晶盛机电,103亿
300317,珈伟股份,34亿
300318,博晖创新,34亿
300319,麦捷科技,22亿
300320,海达股份,27亿
300321,同大股份,25亿
300322,硕贝德,48亿
300323,华灿光电,48亿
300324,旋极信息,116亿
300325,德威新材,26亿
300326,凯利泰,54亿
300327,中颖电子,23亿
300328,宜安科技,40亿
300329,海伦钢琴,23亿
300330,华虹计通,22亿
300331,苏大维格,29亿
300332,天壕节能,49亿
300333,兆日科技,36亿
300334,津膜科技,59亿
300335,迪森股份,42亿
300336,新文化,64亿
300337,银邦股份,52亿
300338,开元仪器,22亿
300339,润和软件,63亿
300340,科恒股份,19亿
300341,麦迪电气,25亿
300342,天银机电,41亿
300343,联创节能,22亿
300344,太空板业,19亿
300345,红宇新材,20亿
300346,南大光电,34亿
300347,泰格医药,81亿
300348,长亮科技,63亿
300349,金卡股份,52亿
300350,华鹏飞,17亿
300351,永贵电器,68亿
300352,北信源,81亿
300353,东土科技,34亿
300354,东华测试,24亿
300355,蒙草抗旱,75亿
300356,光一科技,38亿
300357,我武生物,59亿
300358,楚天科技,54亿
300359,全通教育,85亿
300360,炬华科技,58亿
300361,奥赛康,-
300362,天保重装,28亿
300363,博腾股份,83亿
300364,中文在线,17亿
300365,恒华科技,32亿
300366,创意信息,32亿
300367,东方网力,110亿
300368,汇金股份,63亿
300369,绿盟科技,102亿
300370,安控科技,38亿
300371,汇中股份,27亿
300372,欣泰电气,23亿
300373,扬杰科技,44亿
300375,鹏翎股份,39亿
300376,易事特,68亿
300377,赢时胜,61亿
300378,鼎捷软件,90亿
300379,东方通,47亿
300380,安硕信息,57亿
300381,溢多利,31亿
300382,斯莱克,33亿
300383,光环新网,57亿
300384,三联虹普,42亿
300385,雪浪环境,37亿
300386,飞天诚信,121亿
300387,富邦股份,29亿
300388,国祯环保,40亿
300389,艾比森,60亿
300390,天华超净,30亿
300391,康跃科技,23亿
300392,腾信股份,91亿
300393,中来股份,48亿
300395,菲利华,35亿
300396,迪瑞医疗,58亿
300397,天和防务,117亿
300398,飞凯材料,52亿
300399,京天利,46亿
300400,劲拓股份,26亿
300401,花园生物,33亿
300402,宝色股份,38亿
300403,地尔汉宇,61亿
300405,科隆精化,32亿
300406,九强生物,100亿
300407,凯发电气,37亿
300408,三环集团,212亿
300409,道氏技术,29亿
300410,正业科技,20亿
300411,金盾股份,29亿
300412,迦南科技,24亿
300413,快乐购,76亿
300415,伊之密,27亿
300416,苏试试验,13亿
300417,南华仪器,11亿
300418,昆仑万维,119亿
300419,浩丰科技,22亿
